{
    "vehicles": [
        {
            "id": 1,
            "description": "Car",
            "start": [18.070889259948316,59.31896552469873],
            "end": [18.070889259948316,59.31896552469873]
        }
    ],
    "jobs": [
        {
        "id": 78,
        "description": "Carin",
        "location": [17.819555178040403,59.40528153850232]
    },
    {
        "id": 4,
        "description": "Henrik",
        "location": [17.966715,59.366477]
    },

    {
        "id": 3,
        "description": "Amar",
        "location": [11.7138417,58.1253348]
    }
    ]
}